01fdbedebf7e07758be8713502ecdc1e.json,NtReadFile,CreateActCtxW,SetFilePointer,SetUnhandledExceptionFilter,SetErrorMode,NtCreateFile,NtClose,GetSystemTimeAsFileTime,LdrLoadDll,GetFileAttributesW,CreateProcessInternalW
0,2,4,1,1,1,1,2,1,1,2,1
056ab8cb1536d2282d77f828a6eddfde.json,LdrUnloadDll,NtReadFile,CreateActCtxW,NtOpenKey,SetFilePointer,SetUnhandledExceptionFilter,SetErrorMode,NtCreateFile,NtClose,GetSystemTimeAsFileTime,LdrLoadDll,NtTerminateProcess,GetFileAttributesW,CreateProcessInternalW,NtQueryValueKey
0,1,2,4,1,1,1,1,1,6,1,1,3,2,1,1
05c31275bc486c2e4f5f6efe2cf5f41a.json,NtReadFile,CreateActCtxW,SetFilePointer,SetUnhandledExceptionFilter,SetErrorMode,NtCreateFile,NtClose,GetSystemTimeAsFileTime,LdrLoadDll,GetFileAttributesW,CreateProcessInternalW
0,2,4,1,1,1,1,2,1,1,2,1
07629d3dcca38d71958beb71e49d6ecb.json,LdrUnloadDll,NtReadFile,CreateActCtxW,NtOpenKey,SetFilePointer,SetUnhandledExceptionFilter,SetErrorMode,NtCreateFile,NtClose,GetSystemTimeAsFileTime,LdrLoadDll,NtTerminateProcess,GetFileAttributesW,CreateProcessInternalW,NtQueryValueKey
0,1,2,4,1,1,1,1,1,6,1,1,3,2,1,1
07f76f58c3dab31eacd90c2146ac5497.json,LdrUnloadDll,NtReadFile,CreateActCtxW,NtOpenKey,SetFilePointer,SetUnhandledExceptionFilter,SetErrorMode,NtCreateFile,NtClose,GetSystemTimeAsFileTime,LdrLoadDll,NtTerminateProcess,GetFileAttributesW,CreateProcessInternalW,NtQueryValueKey
0,1,2,4,1,1,1,1,1,6,1,1,3,2,1,1
081953dd0232d6212b345d063b1170ff.json,LdrUnloadDll,NtReadFile,CreateActCtxW,NtOpenKey,SetFilePointer,SetUnhandledExceptionFilter,SetErrorMode,NtCreateFile,NtClose,GetSystemTimeAsFileTime,LdrLoadDll,NtTerminateProcess,GetFileAttributesW,CreateProcessInternalW,NtQueryValueKey
0,1,2,4,1,1,1,1,1,6,1,1,3,2,1,1
08bfad532da21f4c5739db0fbdd0ad0f.json,NtReadFile,CreateActCtxW,SetFilePointer,SetUnhandledExceptionFilter,SetErrorMode,NtCreateFile,NtClose,GetSystemTimeAsFileTime,LdrLoadDll,GetFileAttributesW,CreateProcessInternalW
0,2,4,1,1,1,1,2,1,1,2,1
0ab20e599b5d000134e809e1aeb44149.json,NtReadFile,CreateActCtxW,SetFilePointer,SetUnhandledExceptionFilter,SetErrorMode,NtCreateFile,NtClose,GetSystemTimeAsFileTime,LdrLoadDll,GetFileAttributesW,CreateProcessInternalW
0,2,4,1,1,1,1,2,1,1,2,1
0b647af1000e44b5e7df9f12965ef075.json,NtReadFile,CreateActCtxW,SetFilePointer,SetUnhandledExceptionFilter,SetErrorMode,NtCreateFile,NtClose,GetSystemTimeAsFileTime,LdrLoadDll,GetFileAttributesW,CreateProcessInternalW
0,2,4,1,1,1,1,2,1,1,2,1
0d16a4359e0798a6800a5db41c5f0558.json,NtReadFile,CreateActCtxW,SetFilePointer,SetUnhandledExceptionFilter,SetErrorMode,NtCreateFile,NtClose,GetSystemTimeAsFileTime,LdrLoadDll,GetFileAttributesW,CreateProcessInternalW
0,2,4,1,1,1,1,2,1,1,2,1
105bac782971b31337625655127d2f62.json,LdrUnloadDll,NtReadFile,CreateActCtxW,NtOpenKey,SetFilePointer,SetUnhandledExceptionFilter,SetErrorMode,NtCreateFile,NtClose,GetSystemTimeAsFileTime,LdrLoadDll,NtTerminateProcess,GetFileAttributesW,CreateProcessInternalW,NtQueryValueKey
0,1,2,4,1,1,1,1,1,6,1,1,3,2,1,1
13e73bea9d26f02da4474874d82296f7.json,NtReadFile,CreateActCtxW,SetFilePointer,SetUnhandledExceptionFilter,SetErrorMode,NtCreateFile,NtClose,GetSystemTimeAsFileTime,LdrLoadDll,GetFileAttributesW,CreateProcessInternalW
0,2,4,1,1,1,1,2,1,1,2,1
1883e78a129f379296f590af83e50a24.json,LdrUnloadDll,NtReadFile,CreateActCtxW,NtOpenKey,SetFilePointer,SetUnhandledExceptionFilter,SetErrorMode,NtCreateFile,NtClose,GetSystemTimeAsFileTime,LdrLoadDll,NtTerminateProcess,GetFileAttributesW,CreateProcessInternalW,NtQueryValueKey
0,1,2,4,1,1,1,1,1,6,1,1,3,2,1,1
1931e11d3824b73756aeac23d0ea8a61.json,NtReadFile,CreateActCtxW,SetFilePointer,SetUnhandledExceptionFilter,SetErrorMode,NtCreateFile,NtClose,GetSystemTimeAsFileTime,LdrLoadDll,GetFileAttributesW,CreateProcessInternalW
0,2,4,1,1,1,1,2,1,1,2,1
1a9564242f62ea2c54ae490a9bcda2d6.json,LdrUnloadDll,NtReadFile,CreateActCtxW,NtOpenKey,SetFilePointer,SetUnhandledExceptionFilter,SetErrorMode,NtCreateFile,NtClose,GetSystemTimeAsFileTime,LdrLoadDll,NtTerminateProcess,GetFileAttributesW,CreateProcessInternalW,NtQueryValueKey
0,1,2,4,1,1,1,1,1,6,1,1,3,2,1,1
1aec1d350e84138d0cc80be3b3787028.json,NtReadFile,CreateActCtxW,SetFilePointer,SetUnhandledExceptionFilter,SetErrorMode,NtCreateFile,NtClose,GetSystemTimeAsFileTime,LdrLoadDll,GetFileAttributesW,CreateProcessInternalW
0,2,4,1,1,1,1,2,1,1,2,1
1d6ecb0ebced3d49b48c8927ab034351.json,LdrUnloadDll,NtReadFile,CreateActCtxW,NtOpenKey,SetFilePointer,SetUnhandledExceptionFilter,SetErrorMode,NtCreateFile,NtClose,GetSystemTimeAsFileTime,LdrLoadDll,NtTerminateProcess,GetFileAttributesW,CreateProcessInternalW,NtQueryValueKey
0,1,2,4,1,1,1,1,1,6,1,1,3,2,1,1
1e7ae0e607fae5928f95f6e4f27b25e3.json,LdrUnloadDll,NtReadFile,CreateActCtxW,NtOpenKey,SetFilePointer,SetUnhandledExceptionFilter,SetErrorMode,NtCreateFile,NtClose,GetSystemTimeAsFileTime,LdrLoadDll,NtTerminateProcess,GetFileAttributesW,CreateProcessInternalW,NtQueryValueKey
0,1,2,4,1,1,1,1,1,6,1,1,3,2,1,1
219ea0507dd6049f2afbb280a35643ee.json,LdrUnloadDll,NtReadFile,CreateActCtxW,NtOpenKey,SetFilePointer,SetUnhandledExceptionFilter,SetErrorMode,NtCreateFile,NtClose,GetSystemTimeAsFileTime,LdrLoadDll,NtTerminateProcess,GetFileAttributesW,CreateProcessInternalW,NtQueryValueKey
0,1,2,4,1,1,1,1,1,6,1,1,3,2,1,1
23324f36dc4a582c69c8a5f8af586fd4.json,NtReadFile,CreateActCtxW,SetFilePointer,SetUnhandledExceptionFilter,SetErrorMode,NtCreateFile,NtClose,GetSystemTimeAsFileTime,LdrLoadDll,GetFileAttributesW,CreateProcessInternalW
0,2,4,1,1,1,1,2,1,1,2,1
24a616479a7d19b2356141b9c195480d.json,LdrUnloadDll,NtReadFile,CreateActCtxW,NtOpenKey,SetFilePointer,SetUnhandledExceptionFilter,SetErrorMode,NtCreateFile,NtClose,GetSystemTimeAsFileTime,LdrLoadDll,NtTerminateProcess,GetFileAttributesW,CreateProcessInternalW,NtQueryValueKey
0,1,2,4,1,1,1,1,1,6,1,1,3,2,1,1
2865b78ce221c48c424a594e4d2c1ffc.json,NtReadFile,CreateActCtxW,SetFilePointer,SetUnhandledExceptionFilter,SetErrorMode,NtCreateFile,NtClose,GetSystemTimeAsFileTime,LdrLoadDll,GetFileAttributesW,CreateProcessInternalW
0,2,4,1,1,1,1,2,1,1,2,1
29521ba4f5128f827557e34070a2f053.json,LdrUnloadDll,NtReadFile,CreateActCtxW,NtOpenKey,SetFilePointer,SetUnhandledExceptionFilter,SetErrorMode,NtCreateFile,NtClose,GetSystemTimeAsFileTime,LdrLoadDll,NtTerminateProcess,GetFileAttributesW,CreateProcessInternalW,NtQueryValueKey
0,1,2,4,1,1,1,1,1,6,1,1,3,2,1,1
2bd75cb2ad3fa75591cf7086d3bee18f.json,NtReadFile,CreateActCtxW,SetFilePointer,SetUnhandledExceptionFilter,SetErrorMode,NtCreateFile,NtClose,GetSystemTimeAsFileTime,LdrLoadDll,GetFileAttributesW,CreateProcessInternalW
0,2,4,1,1,1,1,2,1,1,2,1
2c07efd0194f0d1d8e50b51282be4475.json,NtReadFile,CreateActCtxW,SetFilePointer,SetUnhandledExceptionFilter,SetErrorMode,NtCreateFile,NtClose,GetSystemTimeAsFileTime,LdrLoadDll,GetFileAttributesW,CreateProcessInternalW
0,2,4,1,1,1,1,2,1,1,2,1
331c7d9acf8187a5b0506e2fc2e7712a.json,LdrUnloadDll,NtReadFile,CreateActCtxW,NtOpenKey,SetFilePointer,SetUnhandledExceptionFilter,SetErrorMode,NtCreateFile,NtClose,GetSystemTimeAsFileTime,LdrLoadDll,NtTerminateProcess,GetFileAttributesW,CreateProcessInternalW,NtQueryValueKey
0,1,2,3,1,1,1,1,1,6,1,1,3,2,1,1
34c09d843f219694be357071353950b3.json,NtReadFile,CreateActCtxW,SetFilePointer,SetUnhandledExceptionFilter,SetErrorMode,NtCreateFile,NtClose,GetSystemTimeAsFileTime,LdrLoadDll,GetFileAttributesW,CreateProcessInternalW
0,2,4,1,1,1,1,2,1,1,2,1
36eac2dff42f6dcfa0892747f80739da.json,NtReadFile,CreateActCtxW,SetFilePointer,SetUnhandledExceptionFilter,SetErrorMode,NtCreateFile,NtClose,GetSystemTimeAsFileTime,LdrLoadDll,GetFileAttributesW,CreateProcessInternalW
0,2,4,1,1,1,1,2,1,1,2,1
39b4226cb13863c375d355e1755554fc.json,NtReadFile,CreateActCtxW,SetFilePointer,SetUnhandledExceptionFilter,SetErrorMode,NtCreateFile,NtClose,GetSystemTimeAsFileTime,LdrLoadDll,GetFileAttributesW,CreateProcessInternalW
0,2,4,1,1,1,1,2,1,1,2,1
3c2658c042d05cbb82a38b07eb929901.json,NtReadFile,CreateActCtxW,SetFilePointer,SetUnhandledExceptionFilter,SetErrorMode,NtCreateFile,NtClose,GetSystemTimeAsFileTime,LdrLoadDll,GetFileAttributesW,CreateProcessInternalW
0,2,4,1,1,1,1,2,1,1,2,1
40f08a8ec1d2e8d8c1bd5dca7ed297fe.json,LdrUnloadDll,NtReadFile,CreateActCtxW,NtOpenKey,SetFilePointer,NtUnmapViewOfSection,SetUnhandledExceptionFilter,SetErrorMode,NtCreateFile,NtClose,GetSystemTimeAsFileTime,LdrLoadDll,NtTerminateProcess,GetFileAttributesW,CreateProcessInternalW,NtQueryValueKey
0,1,2,2,1,1,1,1,1,1,6,1,1,3,2,1,1
410c346eaa782ef84f1cbde42f9bef72.json,LdrUnloadDll,NtReadFile,CreateActCtxW,NtOpenKey,SetFilePointer,SetUnhandledExceptionFilter,SetErrorMode,NtCreateFile,NtClose,GetSystemTimeAsFileTime,LdrLoadDll,NtTerminateProcess,GetFileAttributesW,CreateProcessInternalW,NtQueryValueKey
0,1,2,4,1,1,1,1,1,6,1,1,3,2,1,1
410fc8180b4f4fb71667d49b84408ff7.json,LdrUnloadDll,NtReadFile,CreateActCtxW,NtOpenKey,SetFilePointer,SetUnhandledExceptionFilter,SetErrorMode,NtCreateFile,NtClose,GetSystemTimeAsFileTime,LdrLoadDll,NtTerminateProcess,GetFileAttributesW,CreateProcessInternalW,NtQueryValueKey
0,1,2,4,1,1,1,1,1,6,1,1,3,2,1,1
4492fcc30636a4e15f0eb18e19ae5974.json,NtReadFile,CreateActCtxW,SetFilePointer,SetUnhandledExceptionFilter,SetErrorMode,NtCreateFile,NtClose,GetSystemTimeAsFileTime,LdrLoadDll,GetFileAttributesW,CreateProcessInternalW
0,2,4,1,1,1,1,2,1,1,2,1
468b68d53e26a838e95c758b2c7c0576.json,NtReadFile,CreateActCtxW,SetFilePointer,SetUnhandledExceptionFilter,SetErrorMode,NtCreateFile,NtClose,GetSystemTimeAsFileTime,LdrLoadDll,GetFileAttributesW,CreateProcessInternalW
0,2,4,1,1,1,1,2,1,1,2,1
4d253a91a28ac8042e8f302a89b016d1.json,NtReadFile,CreateActCtxW,SetFilePointer,SetUnhandledExceptionFilter,SetErrorMode,NtCreateFile,NtClose,GetSystemTimeAsFileTime,LdrLoadDll,GetFileAttributesW,CreateProcessInternalW
0,2,4,1,1,1,1,2,1,1,2,1
4f4b4631f1eb6d25e882d5b6782e2f68.json,NtReadFile,CreateActCtxW,SetFilePointer,SetUnhandledExceptionFilter,SetErrorMode,NtCreateFile,NtClose,GetSystemTimeAsFileTime,LdrLoadDll,GetFileAttributesW,CreateProcessInternalW
0,2,4,1,1,1,1,2,1,1,2,1
519ecb0638573b903613fb1fc3a5316f.json,NtReadFile,CreateActCtxW,SetFilePointer,SetUnhandledExceptionFilter,SetErrorMode,NtCreateFile,NtClose,GetSystemTimeAsFileTime,LdrLoadDll,GetFileAttributesW,CreateProcessInternalW
0,2,4,1,1,1,1,2,1,1,2,1
51db9a564c08590fec19ba63ec85581e.json,LdrUnloadDll,NtReadFile,CreateActCtxW,NtOpenKey,SetFilePointer,SetUnhandledExceptionFilter,SetErrorMode,NtCreateFile,NtClose,GetSystemTimeAsFileTime,LdrLoadDll,NtTerminateProcess,GetFileAttributesW,CreateProcessInternalW,NtQueryValueKey
0,1,2,4,1,1,1,1,1,6,1,1,3,2,1,1
5265a333f7b18200095f882f3a49103d.json,LdrUnloadDll,NtReadFile,CreateActCtxW,NtOpenKey,SetFilePointer,SetUnhandledExceptionFilter,SetErrorMode,NtCreateFile,NtClose,GetSystemTimeAsFileTime,LdrLoadDll,NtTerminateProcess,GetFileAttributesW,CreateProcessInternalW,NtQueryValueKey
0,1,2,4,1,1,1,1,1,6,1,1,3,2,1,1
53086cdf193c6c033fd7849e70addded.json,LdrUnloadDll,NtReadFile,CreateActCtxW,NtOpenKey,SetFilePointer,SetUnhandledExceptionFilter,SetErrorMode,NtCreateFile,NtClose,GetSystemTimeAsFileTime,LdrLoadDll,NtTerminateProcess,GetFileAttributesW,CreateProcessInternalW,NtQueryValueKey
0,1,2,4,1,1,1,1,1,6,1,1,3,2,1,1
55d785187402cad88fa2f00e162df073.json,NtReadFile,CreateActCtxW,SetFilePointer,SetUnhandledExceptionFilter,SetErrorMode,NtCreateFile,NtClose,GetSystemTimeAsFileTime,LdrLoadDll,GetFileAttributesW,CreateProcessInternalW
0,2,4,1,1,1,1,2,1,1,2,1
5675700c2fbb768015c7aaaf2b22aa81.json,LdrUnloadDll,NtReadFile,CreateActCtxW,NtOpenKey,SetFilePointer,SetUnhandledExceptionFilter,SetErrorMode,NtCreateFile,NtClose,GetSystemTimeAsFileTime,LdrLoadDll,NtTerminateProcess,GetFileAttributesW,CreateProcessInternalW,NtQueryValueKey
0,1,2,4,1,1,1,1,1,6,1,1,3,2,1,1
57e12e97ded1b1b72e67826b5b169627.json,LdrUnloadDll,NtReadFile,CreateActCtxW,NtOpenKey,SetFilePointer,SetUnhandledExceptionFilter,SetErrorMode,NtCreateFile,NtClose,GetSystemTimeAsFileTime,LdrLoadDll,NtTerminateProcess,GetFileAttributesW,CreateProcessInternalW,NtQueryValueKey
0,1,2,4,1,1,1,1,1,6,1,1,3,2,1,1
581044fcf1cee62bff0f42b5b80a0ee8.json,LdrUnloadDll,NtReadFile,CreateActCtxW,NtOpenKey,SetFilePointer,SetUnhandledExceptionFilter,SetErrorMode,NtCreateFile,NtClose,GetSystemTimeAsFileTime,LdrLoadDll,NtTerminateProcess,GetFileAttributesW,CreateProcessInternalW,NtQueryValueKey
0,1,2,4,1,1,1,1,1,6,1,1,3,2,1,1
58788254d66ba1a56193fd8c95a01323.json,LdrUnloadDll,NtReadFile,CreateActCtxW,NtOpenKey,SetFilePointer,SetUnhandledExceptionFilter,SetErrorMode,NtCreateFile,NtClose,GetSystemTimeAsFileTime,LdrLoadDll,NtTerminateProcess,GetFileAttributesW,CreateProcessInternalW,NtQueryValueKey
0,1,2,4,1,1,1,1,1,6,1,1,3,2,1,1
587c57ce598cdf63bc546da4d01da68f.json,LdrUnloadDll,NtReadFile,CreateActCtxW,NtOpenKey,SetFilePointer,SetUnhandledExceptionFilter,SetErrorMode,NtCreateFile,NtClose,GetSystemTimeAsFileTime,LdrLoadDll,NtTerminateProcess,GetFileAttributesW,CreateProcessInternalW,NtQueryValueKey
0,1,2,4,1,1,1,1,1,6,1,1,3,2,1,1
599de5a67f71081063b4819da7f2b99e.json,LdrUnloadDll,NtReadFile,CreateActCtxW,NtOpenKey,SetFilePointer,SetUnhandledExceptionFilter,SetErrorMode,NtCreateFile,NtClose,GetSystemTimeAsFileTime,LdrLoadDll,NtTerminateProcess,GetFileAttributesW,CreateProcessInternalW,NtQueryValueKey
0,1,2,4,1,1,1,1,1,6,1,1,3,2,1,1
5bf964c5301255b30ac660c21537ea7c.json,LdrUnloadDll,NtReadFile,CreateActCtxW,NtOpenKey,SetFilePointer,SetUnhandledExceptionFilter,SetErrorMode,NtCreateFile,NtClose,GetSystemTimeAsFileTime,LdrLoadDll,NtTerminateProcess,GetFileAttributesW,CreateProcessInternalW,NtQueryValueKey
0,1,2,4,1,1,1,1,1,6,1,1,3,2,1,1
5d30879b34a95f41fae1c0a86a9d63ea.json,LdrUnloadDll,NtReadFile,CreateActCtxW,NtOpenKey,SetFilePointer,SetUnhandledExceptionFilter,SetErrorMode,NtCreateFile,NtClose,GetSystemTimeAsFileTime,LdrLoadDll,NtTerminateProcess,GetFileAttributesW,CreateProcessInternalW,NtQueryValueKey
0,1,2,4,1,1,1,1,1,6,1,1,3,2,1,1
5e580e34e137b6bcd5589b00a6e49fc6.json,NtReadFile,CreateActCtxW,SetFilePointer,SetUnhandledExceptionFilter,SetErrorMode,NtCreateFile,NtClose,GetSystemTimeAsFileTime,LdrLoadDll,GetFileAttributesW,CreateProcessInternalW
0,2,4,1,1,1,1,2,1,1,2,1
5fab2e2b11d254f2110c87da267791a4.json,NtReadFile,CreateActCtxW,SetFilePointer,SetUnhandledExceptionFilter,SetErrorMode,NtCreateFile,NtClose,GetSystemTimeAsFileTime,LdrLoadDll,GetFileAttributesW,CreateProcessInternalW
0,2,4,1,1,1,1,2,1,1,2,1
63ea42ee4147cf72bbb817db3c44d627.json,LdrUnloadDll,NtReadFile,CreateActCtxW,NtOpenKey,SetFilePointer,SetUnhandledExceptionFilter,SetErrorMode,NtCreateFile,NtClose,GetSystemTimeAsFileTime,LdrLoadDll,NtTerminateProcess,GetFileAttributesW,CreateProcessInternalW,NtQueryValueKey
0,1,2,4,1,1,1,1,1,6,1,1,3,2,1,1
640c910042c6250f6cf54ba432615e94.json,LdrUnloadDll,NtReadFile,CreateActCtxW,NtOpenKey,SetFilePointer,SetUnhandledExceptionFilter,SetErrorMode,NtCreateFile,NtClose,GetSystemTimeAsFileTime,LdrLoadDll,NtTerminateProcess,GetFileAttributesW,CreateProcessInternalW,NtQueryValueKey
0,1,2,4,1,1,1,1,1,6,1,1,3,2,1,1
64342adf96a298f7b6a9d8c0f4c12491.json,LdrUnloadDll,NtReadFile,CreateActCtxW,NtOpenKey,SetFilePointer,SetUnhandledExceptionFilter,SetErrorMode,NtCreateFile,NtClose,GetSystemTimeAsFileTime,LdrLoadDll,NtTerminateProcess,GetFileAttributesW,CreateProcessInternalW,NtQueryValueKey
0,1,2,4,1,1,1,1,1,6,1,1,3,2,1,1
64568a062e91e1c01529f9e9d4cfcd47.json,NtReadFile,CreateActCtxW,SetFilePointer,SetUnhandledExceptionFilter,SetErrorMode,NtCreateFile,NtClose,GetSystemTimeAsFileTime,LdrLoadDll,GetFileAttributesW,CreateProcessInternalW
0,2,4,1,1,1,1,2,1,1,2,1
647bb59c6304fb5e831eda997588bff9.json,NtReadFile,CreateActCtxW,SetFilePointer,SetUnhandledExceptionFilter,SetErrorMode,NtCreateFile,NtClose,GetSystemTimeAsFileTime,LdrLoadDll,GetFileAttributesW,CreateProcessInternalW
0,2,4,1,1,1,1,2,1,1,2,1
6602f788f80cddc7a879c4317833bb03.json,LdrUnloadDll,NtReadFile,CreateActCtxW,NtOpenKey,SetFilePointer,SetUnhandledExceptionFilter,SetErrorMode,NtCreateFile,NtClose,GetSystemTimeAsFileTime,LdrLoadDll,NtTerminateProcess,GetFileAttributesW,CreateProcessInternalW,NtQueryValueKey
0,1,2,4,1,1,1,1,1,6,1,1,3,2,1,1
6703a0d5e626f3b561e417064502c351.json,NtReadFile,CreateActCtxW,SetFilePointer,SetUnhandledExceptionFilter,SetErrorMode,NtCreateFile,NtClose,GetSystemTimeAsFileTime,LdrLoadDll,GetFileAttributesW,CreateProcessInternalW
0,2,4,1,1,1,1,2,1,1,2,1
68f88043a7127b92b1d6d302e56d72b6.json,LdrUnloadDll,NtReadFile,CreateActCtxW,NtOpenKey,SetFilePointer,SetUnhandledExceptionFilter,SetErrorMode,NtCreateFile,NtClose,GetSystemTimeAsFileTime,LdrLoadDll,NtTerminateProcess,GetFileAttributesW,CreateProcessInternalW,NtQueryValueKey
0,1,2,4,1,1,1,1,1,6,1,1,3,2,1,1
6b712002ab0aaf54f1a9602d9158054c.json,LdrUnloadDll,NtReadFile,CreateActCtxW,NtOpenKey,SetFilePointer,SetUnhandledExceptionFilter,SetErrorMode,NtCreateFile,NtClose,GetSystemTimeAsFileTime,LdrLoadDll,NtTerminateProcess,GetFileAttributesW,CreateProcessInternalW,NtQueryValueKey
0,1,2,4,1,1,1,1,1,6,1,1,3,2,1,1
6de4418993c20239dc8c51cff67fa08c.json,LdrUnloadDll,NtReadFile,CreateActCtxW,NtOpenKey,SetFilePointer,SetUnhandledExceptionFilter,SetErrorMode,NtCreateFile,NtClose,GetSystemTimeAsFileTime,LdrLoadDll,NtTerminateProcess,GetFileAttributesW,CreateProcessInternalW,NtQueryValueKey
0,1,2,4,1,1,1,1,1,6,1,1,3,2,1,1
7066d344325e369b3ab8aea50d0e7849.json,LdrUnloadDll,NtReadFile,CreateActCtxW,NtOpenKey,SetFilePointer,SetUnhandledExceptionFilter,SetErrorMode,NtCreateFile,NtClose,GetSystemTimeAsFileTime,LdrLoadDll,NtTerminateProcess,GetFileAttributesW,CreateProcessInternalW,NtQueryValueKey
0,1,2,4,1,1,1,1,1,6,1,1,3,2,1,1
7264a6cc50e4ca653bc27c9fbc6a7b0f.json,LdrUnloadDll,NtReadFile,CreateActCtxW,NtOpenKey,SetFilePointer,SetUnhandledExceptionFilter,SetErrorMode,NtCreateFile,NtClose,GetSystemTimeAsFileTime,LdrLoadDll,NtTerminateProcess,GetFileAttributesW,CreateProcessInternalW,NtQueryValueKey
0,1,2,4,1,1,1,1,1,6,1,1,3,2,1,1
74bb13d070ee5dce8555c1f8f0ecd5a8.json,NtReadFile,CreateActCtxW,SetFilePointer,SetUnhandledExceptionFilter,SetErrorMode,NtCreateFile,NtClose,GetSystemTimeAsFileTime,LdrLoadDll,GetFileAttributesW,CreateProcessInternalW
0,2,4,1,1,1,1,2,1,1,2,1
759d13cf4bb45162a64363f22cf5d326.json,LdrUnloadDll,NtReadFile,CreateActCtxW,NtOpenKey,SetFilePointer,SetUnhandledExceptionFilter,SetErrorMode,NtCreateFile,NtClose,GetSystemTimeAsFileTime,LdrLoadDll,NtTerminateProcess,GetFileAttributesW,CreateProcessInternalW,NtQueryValueKey
0,1,2,4,1,1,1,1,1,6,1,1,3,2,1,1
77c47bbfe3fcb44b536deac1af80c4f1.json,LdrUnloadDll,NtReadFile,CreateActCtxW,NtOpenKey,SetFilePointer,NtUnmapViewOfSection,SetUnhandledExceptionFilter,SetErrorMode,NtCreateFile,NtClose,GetSystemTimeAsFileTime,LdrLoadDll,NtTerminateProcess,GetFileAttributesW,CreateProcessInternalW,NtQueryValueKey
0,1,2,2,1,1,1,1,1,1,6,1,1,3,2,1,1
803cee433d6eddfaafd09e331b8d5db8.json,NtReadFile,CreateActCtxW,SetFilePointer,SetUnhandledExceptionFilter,SetErrorMode,NtCreateFile,NtClose,GetSystemTimeAsFileTime,LdrLoadDll,GetFileAttributesW,CreateProcessInternalW
0,2,4,1,1,1,1,2,1,1,2,1
8ad5786da712c9e25bdbd8e7de115a24.json,NtReadFile,CreateActCtxW,SetFilePointer,SetUnhandledExceptionFilter,SetErrorMode,NtCreateFile,NtClose,GetSystemTimeAsFileTime,LdrLoadDll,GetFileAttributesW,CreateProcessInternalW
0,2,4,1,1,1,1,2,1,1,2,1
8d1a27622bf6806b36bd45b17f0ef718.json,LdrUnloadDll,NtReadFile,CreateActCtxW,NtOpenKey,SetFilePointer,SetUnhandledExceptionFilter,SetErrorMode,NtCreateFile,NtClose,GetSystemTimeAsFileTime,LdrLoadDll,NtTerminateProcess,GetFileAttributesW,CreateProcessInternalW,NtQueryValueKey
0,1,2,4,1,1,1,1,1,6,1,1,3,2,1,1
8da8f1d4d571d302afd0fee96f49633b.json,LdrUnloadDll,NtReadFile,CreateActCtxW,NtOpenKey,SetFilePointer,SetUnhandledExceptionFilter,SetErrorMode,NtCreateFile,NtClose,GetSystemTimeAsFileTime,LdrLoadDll,NtTerminateProcess,GetFileAttributesW,CreateProcessInternalW,NtQueryValueKey
0,1,2,4,1,1,1,1,1,6,1,1,3,2,1,1
944c6fddd39cd6c1d8393323bc74ab43.json,LdrUnloadDll,NtReadFile,CreateActCtxW,NtOpenKey,SetFilePointer,SetUnhandledExceptionFilter,SetErrorMode,NtCreateFile,NtClose,GetSystemTimeAsFileTime,LdrLoadDll,NtTerminateProcess,GetFileAttributesW,CreateProcessInternalW,NtQueryValueKey
0,1,2,4,1,1,1,1,1,6,1,1,3,2,1,1
95b99cde995ea982e6e2748ff039df73.json,LdrUnloadDll,NtReadFile,CreateActCtxW,NtOpenKey,SetFilePointer,SetUnhandledExceptionFilter,SetErrorMode,NtCreateFile,NtClose,GetSystemTimeAsFileTime,LdrLoadDll,NtTerminateProcess,GetFileAttributesW,CreateProcessInternalW,NtQueryValueKey
0,1,2,4,1,1,1,1,1,6,1,1,3,2,1,1
9df524899df8615098ff2265f6bdb39b.json,LdrUnloadDll,NtReadFile,CreateActCtxW,NtOpenKey,SetFilePointer,SetUnhandledExceptionFilter,SetErrorMode,NtCreateFile,NtClose,GetSystemTimeAsFileTime,LdrLoadDll,NtTerminateProcess,GetFileAttributesW,CreateProcessInternalW,NtQueryValueKey
0,1,2,4,1,1,1,1,1,6,1,1,3,2,1,1
9f23080acc3aa9271bb1ddeeecbacdfa.json,NtReadFile,CreateActCtxW,SetFilePointer,SetUnhandledExceptionFilter,SetErrorMode,NtCreateFile,NtClose,GetSystemTimeAsFileTime,LdrLoadDll,GetFileAttributesW,CreateProcessInternalW
0,2,4,1,1,1,1,2,1,1,2,1
9f78d26fff0f647b5856ed8b89b180f2.json,NtReadFile,CreateActCtxW,SetFilePointer,SetUnhandledExceptionFilter,SetErrorMode,NtCreateFile,NtClose,GetSystemTimeAsFileTime,LdrLoadDll,GetFileAttributesW,CreateProcessInternalW
0,2,4,1,1,1,1,2,1,1,2,1
a0e90244c7f532bbbe1e801422a3f875.json,LdrUnloadDll,NtReadFile,CreateActCtxW,NtOpenKey,SetFilePointer,SetUnhandledExceptionFilter,SetErrorMode,NtCreateFile,NtClose,GetSystemTimeAsFileTime,LdrLoadDll,NtTerminateProcess,GetFileAttributesW,CreateProcessInternalW,NtQueryValueKey
0,1,2,4,1,1,1,1,1,6,1,1,3,2,1,1
a115fcf9b5cf93b6a9e4be832490ff5c.json,NtReadFile,CreateActCtxW,SetFilePointer,SetUnhandledExceptionFilter,SetErrorMode,NtCreateFile,NtClose,GetSystemTimeAsFileTime,LdrLoadDll,GetFileAttributesW,CreateProcessInternalW
0,2,4,1,1,1,1,2,1,1,2,1
a1cf60266e73c79765a5a20edbb8c50d.json,LdrUnloadDll,NtReadFile,CreateActCtxW,NtOpenKey,SetFilePointer,SetUnhandledExceptionFilter,SetErrorMode,NtCreateFile,NtClose,GetSystemTimeAsFileTime,LdrLoadDll,NtTerminateProcess,GetFileAttributesW,CreateProcessInternalW,NtQueryValueKey
0,1,2,4,1,1,1,1,1,6,1,1,3,2,1,1
a2b49098455a9b62388130f3c97050bd.json,NtReadFile,CreateActCtxW,SetFilePointer,SetUnhandledExceptionFilter,SetErrorMode,NtCreateFile,NtClose,GetSystemTimeAsFileTime,LdrLoadDll,GetFileAttributesW,CreateProcessInternalW
0,2,4,1,1,1,1,2,1,1,2,1
a33b1d0653ce41a66e92571d462f5412.json,NtReadFile,CreateActCtxW,SetFilePointer,SetUnhandledExceptionFilter,SetErrorMode,NtCreateFile,NtClose,GetSystemTimeAsFileTime,LdrLoadDll,GetFileAttributesW,CreateProcessInternalW
0,2,4,1,1,1,1,2,1,1,2,1
a4731017d5c9cd85868a42bc7be7908f.json,LdrUnloadDll,NtReadFile,CreateActCtxW,NtOpenKey,SetFilePointer,SetUnhandledExceptionFilter,SetErrorMode,NtCreateFile,NtClose,GetSystemTimeAsFileTime,LdrLoadDll,NtTerminateProcess,GetFileAttributesW,CreateProcessInternalW,NtQueryValueKey
0,1,2,4,1,1,1,1,1,6,1,1,3,2,1,1
a4b7d3f8bf5ba3c19a676b08568fa3eb.json,LdrUnloadDll,NtReadFile,CreateActCtxW,NtOpenKey,SetFilePointer,SetUnhandledExceptionFilter,SetErrorMode,NtCreateFile,NtClose,GetSystemTimeAsFileTime,LdrLoadDll,NtTerminateProcess,GetFileAttributesW,CreateProcessInternalW,NtQueryValueKey
0,1,2,4,1,1,1,1,1,6,1,1,3,2,1,1
a7bef46d69fab62871f15c51dd47279d.json,LdrUnloadDll,NtReadFile,CreateActCtxW,NtOpenKey,SetFilePointer,SetUnhandledExceptionFilter,SetErrorMode,NtCreateFile,NtClose,GetSystemTimeAsFileTime,LdrLoadDll,NtTerminateProcess,GetFileAttributesW,CreateProcessInternalW,NtQueryValueKey
0,1,2,4,1,1,1,1,1,6,1,1,3,2,1,1
aca88c9c5a86c9baa71303d860e06bad.json,LdrUnloadDll,NtReadFile,CreateActCtxW,NtOpenKey,SetFilePointer,SetUnhandledExceptionFilter,SetErrorMode,NtCreateFile,NtClose,GetSystemTimeAsFileTime,LdrLoadDll,NtTerminateProcess,GetFileAttributesW,CreateProcessInternalW,NtQueryValueKey
0,1,2,4,1,1,1,1,1,6,1,1,3,2,1,1
ae853d86cf05e7f5a5889d65dde4b05b.json,LdrUnloadDll,NtReadFile,CreateActCtxW,NtOpenKey,SetFilePointer,SetUnhandledExceptionFilter,SetErrorMode,NtCreateFile,NtClose,GetSystemTimeAsFileTime,LdrLoadDll,NtTerminateProcess,GetFileAttributesW,CreateProcessInternalW,NtQueryValueKey
0,1,2,4,1,1,1,1,1,6,1,1,3,2,1,1
aec75def0bb69658913413f662257867.json,LdrUnloadDll,NtReadFile,CreateActCtxW,NtOpenKey,SetFilePointer,SetUnhandledExceptionFilter,SetErrorMode,NtCreateFile,NtClose,GetSystemTimeAsFileTime,LdrLoadDll,NtTerminateProcess,GetFileAttributesW,CreateProcessInternalW,NtQueryValueKey
0,1,2,4,1,1,1,1,1,6,1,1,3,2,1,1
af49598bf32d8c9e541d45ec005d47b4.json,NtReadFile,CreateActCtxW,SetFilePointer,SetUnhandledExceptionFilter,SetErrorMode,NtCreateFile,NtClose,GetSystemTimeAsFileTime,LdrLoadDll,GetFileAttributesW,CreateProcessInternalW
0,2,4,1,1,1,1,2,1,1,2,1
b0adddc4b40e54f17d64148aea1f56c2.json,LdrUnloadDll,NtReadFile,CreateActCtxW,NtOpenKey,SetFilePointer,SetUnhandledExceptionFilter,SetErrorMode,NtCreateFile,NtClose,GetSystemTimeAsFileTime,LdrLoadDll,NtTerminateProcess,GetFileAttributesW,CreateProcessInternalW,NtQueryValueKey
0,1,2,4,1,1,1,1,1,6,1,1,3,2,1,1
b8fb092a6a5e799792ed1e8caf05d3a8.json,NtReadFile,CreateActCtxW,SetFilePointer,SetUnhandledExceptionFilter,SetErrorMode,NtCreateFile,NtClose,GetSystemTimeAsFileTime,LdrLoadDll,GetFileAttributesW,CreateProcessInternalW
0,2,4,1,1,1,1,2,1,1,2,1
ba1b0a54d7d2619815c0ca9687e1b257.json,LdrUnloadDll,NtReadFile,CreateActCtxW,NtOpenKey,SetFilePointer,SetUnhandledExceptionFilter,SetErrorMode,NtCreateFile,NtClose,GetSystemTimeAsFileTime,LdrLoadDll,NtTerminateProcess,GetFileAttributesW,CreateProcessInternalW,NtQueryValueKey
0,1,2,4,1,1,1,1,1,6,1,1,3,2,1,1
ba3ec6f4855086d6357158afe03d4bed.json,LdrUnloadDll,NtReadFile,CreateActCtxW,NtOpenKey,SetFilePointer,SetUnhandledExceptionFilter,SetErrorMode,NtCreateFile,NtClose,GetSystemTimeAsFileTime,LdrLoadDll,NtTerminateProcess,GetFileAttributesW,CreateProcessInternalW,NtQueryValueKey
0,1,2,4,1,1,1,1,1,6,1,1,3,2,1,1
bbfd7b95988c2a00c99f3976b9ff7cd1.json,LdrUnloadDll,NtReadFile,CreateActCtxW,NtOpenKey,SetFilePointer,SetUnhandledExceptionFilter,SetErrorMode,NtCreateFile,NtClose,GetSystemTimeAsFileTime,LdrLoadDll,NtTerminateProcess,GetFileAttributesW,CreateProcessInternalW,NtQueryValueKey
0,1,2,4,1,1,1,1,1,6,1,1,3,2,1,1
c07a5d3fc2cca486d7ad48e124a1d073.json,LdrUnloadDll,NtReadFile,CreateActCtxW,NtOpenKey,SetFilePointer,SetUnhandledExceptionFilter,SetErrorMode,NtCreateFile,NtClose,GetSystemTimeAsFileTime,LdrLoadDll,NtTerminateProcess,GetFileAttributesW,CreateProcessInternalW,NtQueryValueKey
0,1,2,4,1,1,1,1,1,6,1,1,3,2,1,1
c290a8250b470c7a63daceedd69433ee.json,NtReadFile,CreateActCtxW,SetFilePointer,SetUnhandledExceptionFilter,SetErrorMode,NtCreateFile,NtClose,GetSystemTimeAsFileTime,LdrLoadDll,GetFileAttributesW,CreateProcessInternalW
0,2,4,1,1,1,1,2,1,1,2,1
c3325f6ae6dc1db1287aa7e1b50dc111.json,LdrUnloadDll,NtReadFile,CreateActCtxW,NtOpenKey,SetFilePointer,SetUnhandledExceptionFilter,SetErrorMode,NtCreateFile,NtClose,GetSystemTimeAsFileTime,LdrLoadDll,NtTerminateProcess,GetFileAttributesW,CreateProcessInternalW,NtQueryValueKey
0,1,2,4,1,1,1,1,1,6,1,1,3,2,1,1
c461c15f83938a50074494958481be8c.json,LdrUnloadDll,NtReadFile,CreateActCtxW,NtOpenKey,SetFilePointer,SetUnhandledExceptionFilter,SetErrorMode,NtCreateFile,NtClose,GetSystemTimeAsFileTime,LdrLoadDll,NtTerminateProcess,GetFileAttributesW,CreateProcessInternalW,NtQueryValueKey
0,1,2,4,1,1,1,1,1,6,1,1,3,2,1,1
c4b8bb546c8ac72afb48bf97f3226cd1.json,LdrUnloadDll,NtReadFile,CreateActCtxW,NtOpenKey,SetFilePointer,SetUnhandledExceptionFilter,SetErrorMode,NtCreateFile,NtClose,GetSystemTimeAsFileTime,LdrLoadDll,NtTerminateProcess,GetFileAttributesW,CreateProcessInternalW,NtQueryValueKey
0,1,2,4,1,1,1,1,1,6,1,1,3,2,1,1
c5dcc10afbaf09e919297906b32b0710.json,LdrUnloadDll,NtReadFile,CreateActCtxW,NtOpenKey,SetFilePointer,SetUnhandledExceptionFilter,SetErrorMode,NtCreateFile,NtClose,GetSystemTimeAsFileTime,LdrLoadDll,NtTerminateProcess,GetFileAttributesW,CreateProcessInternalW,NtQueryValueKey
0,1,2,4,1,1,1,1,1,6,1,1,3,2,1,1
cb57f1a4942a7b98719e4a2e8184a830.json,NtReadFile,CreateActCtxW,SetFilePointer,SetUnhandledExceptionFilter,SetErrorMode,NtCreateFile,NtClose,GetSystemTimeAsFileTime,LdrLoadDll,GetFileAttributesW,CreateProcessInternalW
0,2,4,1,1,1,1,2,1,1,2,1
cb600a877db5a94651d5915c119e904a.json,LdrUnloadDll,NtReadFile,CreateActCtxW,NtOpenKey,SetFilePointer,SetUnhandledExceptionFilter,SetErrorMode,NtCreateFile,NtClose,GetSystemTimeAsFileTime,LdrLoadDll,NtTerminateProcess,GetFileAttributesW,CreateProcessInternalW,NtQueryValueKey
0,1,2,4,1,1,1,1,1,6,1,1,3,2,1,1
cfdbdd58ecc4c5115150159875fb065a.json,LdrUnloadDll,NtReadFile,CreateActCtxW,NtOpenKey,SetFilePointer,SetUnhandledExceptionFilter,SetErrorMode,NtCreateFile,NtClose,GetSystemTimeAsFileTime,LdrLoadDll,NtTerminateProcess,GetFileAttributesW,CreateProcessInternalW,NtQueryValueKey
0,1,2,4,1,1,1,1,1,6,1,1,3,2,1,1
d26832971c35bb076a34fbf65134c61f.json,NtReadFile,CreateActCtxW,SetFilePointer,SetUnhandledExceptionFilter,SetErrorMode,NtCreateFile,NtClose,GetSystemTimeAsFileTime,LdrLoadDll,GetFileAttributesW,CreateProcessInternalW
0,2,4,1,1,1,1,2,1,1,2,1
d56df534cbca9316eee1ab17cc8a163d.json,LdrUnloadDll,NtReadFile,CreateActCtxW,NtOpenKey,SetFilePointer,SetUnhandledExceptionFilter,SetErrorMode,NtCreateFile,NtClose,GetSystemTimeAsFileTime,LdrLoadDll,NtTerminateProcess,GetFileAttributesW,CreateProcessInternalW,NtQueryValueKey
0,1,2,4,1,1,1,1,1,6,1,1,3,2,1,1
d5e7e698e8f648f96363a7e4407d41f6.json,NtReadFile,CreateActCtxW,SetFilePointer,SetUnhandledExceptionFilter,SetErrorMode,NtCreateFile,NtClose,GetSystemTimeAsFileTime,LdrLoadDll,GetFileAttributesW,CreateProcessInternalW
0,2,4,1,1,1,1,2,1,1,2,1
d6fba8ade46b5dc07cbe070fa7b789cc.json,LdrUnloadDll,NtReadFile,CreateActCtxW,NtOpenKey,SetFilePointer,SetUnhandledExceptionFilter,SetErrorMode,NtCreateFile,NtClose,GetSystemTimeAsFileTime,LdrLoadDll,NtTerminateProcess,GetFileAttributesW,CreateProcessInternalW,NtQueryValueKey
0,1,2,3,1,1,1,1,1,6,1,1,3,2,1,1
d8396195d33f1c9cf2fd84fd2738cbcc.json,NtReadFile,CreateActCtxW,SetFilePointer,SetUnhandledExceptionFilter,SetErrorMode,NtCreateFile,NtClose,GetSystemTimeAsFileTime,LdrLoadDll,GetFileAttributesW,CreateProcessInternalW
0,2,4,1,1,1,1,2,1,1,2,1
d89faf3ad5d456295a9c5da4f4f37dd6.json,LdrUnloadDll,NtReadFile,CreateActCtxW,NtOpenKey,SetFilePointer,SetUnhandledExceptionFilter,SetErrorMode,NtCreateFile,NtClose,GetSystemTimeAsFileTime,LdrLoadDll,NtTerminateProcess,GetFileAttributesW,CreateProcessInternalW,NtQueryValueKey
0,1,2,4,1,1,1,1,1,6,1,1,3,2,1,1
de4bd6501beb4a0475c559f0b96be6d7.json,LdrUnloadDll,NtReadFile,CreateActCtxW,NtOpenKey,SetFilePointer,SetUnhandledExceptionFilter,SetErrorMode,NtCreateFile,NtClose,GetSystemTimeAsFileTime,LdrLoadDll,NtTerminateProcess,GetFileAttributesW,CreateProcessInternalW,NtQueryValueKey
0,1,2,4,1,1,1,1,1,6,1,1,3,2,1,1
de835803337164af41201aa229b9a7db.json,NtReadFile,CreateActCtxW,SetFilePointer,SetUnhandledExceptionFilter,SetErrorMode,NtCreateFile,NtClose,GetSystemTimeAsFileTime,LdrLoadDll,GetFileAttributesW,CreateProcessInternalW
0,2,4,1,1,1,1,2,1,1,2,1
debe2669f7f7448364aa35526e923a27.json,LdrUnloadDll,NtReadFile,CreateActCtxW,NtOpenKey,SetFilePointer,SetUnhandledExceptionFilter,SetErrorMode,NtCreateFile,NtClose,GetSystemTimeAsFileTime,LdrLoadDll,NtTerminateProcess,GetFileAttributesW,CreateProcessInternalW,NtQueryValueKey
0,1,2,4,1,1,1,1,1,6,1,1,3,2,1,1
e144b7fe40de8899e6de52dfb3b02c7e.json,LdrUnloadDll,NtReadFile,CreateActCtxW,NtOpenKey,SetFilePointer,SetUnhandledExceptionFilter,SetErrorMode,NtCreateFile,NtClose,GetSystemTimeAsFileTime,LdrLoadDll,NtTerminateProcess,GetFileAttributesW,CreateProcessInternalW,NtQueryValueKey
0,1,2,4,1,1,1,1,1,6,1,1,3,2,1,1
e16b9a17e4b9c13bd80df494a40e6b93.json,LdrUnloadDll,NtReadFile,CreateActCtxW,NtOpenKey,SetFilePointer,SetUnhandledExceptionFilter,SetErrorMode,NtCreateFile,NtClose,GetSystemTimeAsFileTime,LdrLoadDll,NtTerminateProcess,GetFileAttributesW,CreateProcessInternalW,NtQueryValueKey
0,1,2,4,1,1,1,1,1,6,1,1,3,2,1,1
e2c8a03a30e0a646eb58f86e25a251a3.json,LdrUnloadDll,NtReadFile,CreateActCtxW,NtOpenKey,SetFilePointer,SetUnhandledExceptionFilter,SetErrorMode,NtCreateFile,NtClose,GetSystemTimeAsFileTime,LdrLoadDll,NtTerminateProcess,GetFileAttributesW,CreateProcessInternalW,NtQueryValueKey
0,1,2,4,1,1,1,1,1,6,1,1,3,2,1,1
e589ed95a0ab2cc8ab92dbf191172983.json,LdrUnloadDll,NtReadFile,CreateActCtxW,NtOpenKey,SetFilePointer,SetUnhandledExceptionFilter,SetErrorMode,NtCreateFile,NtClose,GetSystemTimeAsFileTime,LdrLoadDll,NtTerminateProcess,GetFileAttributesW,CreateProcessInternalW,NtQueryValueKey
0,1,2,4,1,1,1,1,1,6,1,1,3,2,1,1
e59320f020e80d747c3ed6af00c96634.json,LdrUnloadDll,NtReadFile,CreateActCtxW,NtOpenKey,SetFilePointer,SetUnhandledExceptionFilter,SetErrorMode,NtCreateFile,NtClose,GetSystemTimeAsFileTime,LdrLoadDll,NtTerminateProcess,GetFileAttributesW,CreateProcessInternalW,NtQueryValueKey
0,1,2,4,1,1,1,1,1,6,1,1,3,2,1,1
e5e7377e560738bd83b872d2ebf11031.json,LdrUnloadDll,NtReadFile,CreateActCtxW,NtOpenKey,SetFilePointer,SetUnhandledExceptionFilter,SetErrorMode,NtCreateFile,NtClose,GetSystemTimeAsFileTime,LdrLoadDll,NtTerminateProcess,GetFileAttributesW,CreateProcessInternalW,NtQueryValueKey
0,1,2,4,1,1,1,1,1,6,1,1,3,2,1,1
e6a6996f7a2f9f05ee3a094e84f33df9.json,LdrUnloadDll,NtReadFile,CreateActCtxW,NtOpenKey,SetFilePointer,SetUnhandledExceptionFilter,SetErrorMode,NtCreateFile,NtClose,GetSystemTimeAsFileTime,LdrLoadDll,NtTerminateProcess,GetFileAttributesW,CreateProcessInternalW,NtQueryValueKey
0,1,2,4,1,1,1,1,1,6,1,1,3,2,1,1
f05d80a6ebd683640c1f69b5116d0552.json,LdrUnloadDll,NtReadFile,CreateActCtxW,NtOpenKey,SetFilePointer,SetUnhandledExceptionFilter,SetErrorMode,NtCreateFile,NtClose,GetSystemTimeAsFileTime,LdrLoadDll,NtTerminateProcess,GetFileAttributesW,CreateProcessInternalW,NtQueryValueKey
0,1,2,4,1,1,1,1,1,6,1,1,3,2,1,1
f07f8f1de2e1f9a1eb0670fa91930bef.json,NtReadFile,CreateActCtxW,SetFilePointer,SetUnhandledExceptionFilter,SetErrorMode,NtCreateFile,NtClose,GetSystemTimeAsFileTime,LdrLoadDll,GetFileAttributesW,CreateProcessInternalW
0,2,4,1,1,1,1,2,1,1,2,1
f265f31296d21fb372872d953f4f11cb.json,NtReadFile,CreateActCtxW,SetFilePointer,SetUnhandledExceptionFilter,SetErrorMode,NtCreateFile,NtClose,GetSystemTimeAsFileTime,LdrLoadDll,GetFileAttributesW,CreateProcessInternalW
0,2,4,1,1,1,1,2,1,1,2,1
f4e4a495483be5971017becb0f670c28.json,LdrUnloadDll,NtReadFile,CreateActCtxW,NtOpenKey,SetFilePointer,SetUnhandledExceptionFilter,SetErrorMode,NtCreateFile,NtClose,GetSystemTimeAsFileTime,LdrLoadDll,NtTerminateProcess,GetFileAttributesW,CreateProcessInternalW,NtQueryValueKey
0,1,2,4,1,1,1,1,1,6,1,1,3,2,1,1
f6acfdd44bff91631c46dfa9299a4fdd.json,LdrUnloadDll,NtReadFile,CreateActCtxW,NtOpenKey,SetFilePointer,SetUnhandledExceptionFilter,SetErrorMode,NtCreateFile,NtClose,GetSystemTimeAsFileTime,LdrLoadDll,NtTerminateProcess,GetFileAttributesW,CreateProcessInternalW,NtQueryValueKey
0,1,2,4,1,1,1,1,1,6,1,1,3,2,1,1
fa6a93f589ebe89b6b97e2ed7f62f72e.json,LdrUnloadDll,NtReadFile,CreateActCtxW,NtOpenKey,SetFilePointer,SetUnhandledExceptionFilter,SetErrorMode,NtCreateFile,NtClose,GetSystemTimeAsFileTime,LdrLoadDll,NtTerminateProcess,GetFileAttributesW,CreateProcessInternalW,NtQueryValueKey
0,1,2,4,1,1,1,1,1,6,1,1,3,2,1,1
fe143d7297493bc20766aae245daac47.json,LdrUnloadDll,NtReadFile,CreateActCtxW,NtOpenKey,SetFilePointer,SetUnhandledExceptionFilter,SetErrorMode,NtCreateFile,NtClose,GetSystemTimeAsFileTime,LdrLoadDll,NtTerminateProcess,GetFileAttributesW,CreateProcessInternalW,NtQueryValueKey
0,1,2,4,1,1,1,1,1,6,1,1,3,2,1,1
febdbed0d99a7da4f355da328b00e094.json,NtReadFile,CreateActCtxW,SetFilePointer,SetUnhandledExceptionFilter,SetErrorMode,NtCreateFile,NtClose,GetSystemTimeAsFileTime,LdrLoadDll,GetFileAttributesW,CreateProcessInternalW
0,2,4,1,1,1,1,2,1,1,2,1
